"timesteps","int"
"2022-02-06T00:00:00.000",1
"2022-02-06T01:00:00.000",2
"2022-02-06T02:00:00.000",3
"2022-02-06T03:00:00.000",4
"2022-02-06T04:00:00.000",5
"2022-02-06T05:00:00.000",6
"2022-02-06T06:00:00.000",7
"2022-02-06T07:00:00.000",8
"2022-02-06T08:00:00.000",9
"2022-02-06T09:00:00.000",10
"2022-02-06T10:00:00.000",11
"2022-02-06T11:00:00.000",12
"2022-02-06T12:00:00.000",13
"2022-02-06T13:00:00.000",14
"2022-02-06T14:00:00.000",15
"2022-02-06T15:00:00.000",16
"2022-02-06T16:00:00.000",17
"2022-02-06T17:00:00.000",18
"2022-02-06T18:00:00.000",19
"2022-02-06T19:00:00.000",20
"2022-02-06T20:00:00.000",21
"2022-02-06T21:00:00.000",22
"2022-02-06T22:00:00.000",23
"2022-02-06T23:00:00.000",24
"2022-02-07T00:00:00.000",25
"2022-02-07T01:00:00.000",26
"2022-02-07T02:00:00.000",27
"2022-02-07T03:00:00.000",28
"2022-02-07T04:00:00.000",29
"2022-02-07T05:00:00.000",30
"2022-02-07T06:00:00.000",31
"2022-02-07T07:00:00.000",32
"2022-02-07T08:00:00.000",33
"2022-02-07T09:00:00.000",34
"2022-02-07T10:00:00.000",35
"2022-02-07T11:00:00.000",36
"2022-02-07T12:00:00.000",37
"2022-02-07T13:00:00.000",38
"2022-02-07T14:00:00.000",39
"2022-02-07T15:00:00.000",40
"2022-02-07T16:00:00.000",41
"2022-02-07T17:00:00.000",42
"2022-02-07T18:00:00.000",43
"2022-02-07T19:00:00.000",44
"2022-02-07T20:00:00.000",45
"2022-02-07T21:00:00.000",46
"2022-02-07T22:00:00.000",47
"2022-02-07T23:00:00.000",48
"2022-02-08T00:00:00.000",49
"2022-02-08T01:00:00.000",50
"2022-02-08T02:00:00.000",51
"2022-02-08T03:00:00.000",52
"2022-02-08T04:00:00.000",53
"2022-02-08T05:00:00.000",54
"2022-02-08T06:00:00.000",55
"2022-02-08T07:00:00.000",56
"2022-02-08T08:00:00.000",57
"2022-02-08T09:00:00.000",58
"2022-02-08T10:00:00.000",59
"2022-02-08T11:00:00.000",60
"2022-02-08T12:00:00.000",61
"2022-02-08T13:00:00.000",62
"2022-02-08T14:00:00.000",63
"2022-02-08T15:00:00.000",64
"2022-02-08T16:00:00.000",65
"2022-02-08T17:00:00.000",66
"2022-02-08T18:00:00.000",67
"2022-02-08T19:00:00.000",68
"2022-02-08T20:00:00.000",69
"2022-02-08T21:00:00.000",70
"2022-02-08T22:00:00.000",71
"2022-02-08T23:00:00.000",72
"2022-02-09T00:00:00.000",73
"2022-02-09T01:00:00.000",74
"2022-02-09T02:00:00.000",75
"2022-02-09T03:00:00.000",76
"2022-02-09T04:00:00.000",77
"2022-02-09T05:00:00.000",78
"2022-02-09T06:00:00.000",79
"2022-02-09T07:00:00.000",80
"2022-02-09T08:00:00.000",81
"2022-02-09T09:00:00.000",82
"2022-02-09T10:00:00.000",83
"2022-02-09T11:00:00.000",84
"2022-02-09T12:00:00.000",85
"2022-02-09T13:00:00.000",86
"2022-02-09T14:00:00.000",87
"2022-02-09T15:00:00.000",88
"2022-02-09T16:00:00.000",89
"2022-02-09T17:00:00.000",90
"2022-02-09T18:00:00.000",91
"2022-02-09T19:00:00.000",92
"2022-02-09T20:00:00.000",93
"2022-02-09T21:00:00.000",94
"2022-02-09T22:00:00.000",95
"2022-02-09T23:00:00.000",96
"2022-02-10T00:00:00.000",97
"2022-02-10T01:00:00.000",98
"2022-02-10T02:00:00.000",99
"2022-02-10T03:00:00.000",100
"2022-02-10T04:00:00.000",101
"2022-02-10T05:00:00.000",102
"2022-02-10T06:00:00.000",103
"2022-02-10T07:00:00.000",104
"2022-02-10T08:00:00.000",105
"2022-02-10T09:00:00.000",106
"2022-02-10T10:00:00.000",107
"2022-02-10T11:00:00.000",108
"2022-02-10T12:00:00.000",109
"2022-02-10T13:00:00.000",110
"2022-02-10T14:00:00.000",111
"2022-02-10T15:00:00.000",112
"2022-02-10T16:00:00.000",113
"2022-02-10T17:00:00.000",114
"2022-02-10T18:00:00.000",115
"2022-02-10T19:00:00.000",116
"2022-02-10T20:00:00.000",117
"2022-02-10T21:00:00.000",118
"2022-02-10T22:00:00.000",119
"2022-02-10T23:00:00.000",120
"2022-02-11T00:00:00.000",121
"2022-02-11T01:00:00.000",122
"2022-02-11T02:00:00.000",123
"2022-02-11T03:00:00.000",124
"2022-02-11T04:00:00.000",125
"2022-02-11T05:00:00.000",126
"2022-02-11T06:00:00.000",127
"2022-02-11T07:00:00.000",128
"2022-02-11T08:00:00.000",129
"2022-02-11T09:00:00.000",130
"2022-02-11T10:00:00.000",131
"2022-02-11T11:00:00.000",132
"2022-02-11T12:00:00.000",133
"2022-02-11T13:00:00.000",134
"2022-02-11T14:00:00.000",135
"2022-02-11T15:00:00.000",136
"2022-02-11T16:00:00.000",137
"2022-02-11T17:00:00.000",138
"2022-02-11T18:00:00.000",139
"2022-02-11T19:00:00.000",140
"2022-02-11T20:00:00.000",141
"2022-02-11T21:00:00.000",142
"2022-02-11T22:00:00.000",143
"2022-02-11T23:00:00.000",144
"2022-02-12T00:00:00.000",145
"2022-02-12T01:00:00.000",146
"2022-02-12T02:00:00.000",147
"2022-02-12T03:00:00.000",148
"2022-02-12T04:00:00.000",149
"2022-02-12T05:00:00.000",150
"2022-02-12T06:00:00.000",151
"2022-02-12T07:00:00.000",152
"2022-02-12T08:00:00.000",153
"2022-02-12T09:00:00.000",154
"2022-02-12T10:00:00.000",155
"2022-02-12T11:00:00.000",156
"2022-02-12T12:00:00.000",157
"2022-02-12T13:00:00.000",158
"2022-02-12T14:00:00.000",159
"2022-02-12T15:00:00.000",160
"2022-02-12T16:00:00.000",161
"2022-02-12T17:00:00.000",162
"2022-02-12T18:00:00.000",163
"2022-02-12T19:00:00.000",164
"2022-02-12T20:00:00.000",165
"2022-02-12T21:00:00.000",166
"2022-02-12T22:00:00.000",167
"2022-02-12T23:00:00.000",168
"2022-02-13T00:00:00.000",169
